{
    "baseline": {
        "0": [
            -0.5583333333333333,
            {
                "sales": 29,
                "missed customer": 91,
                "products": 29,
                "product waitings": 16,
                "sale_miss_ratio": 0.24166666666666667,
                "product_waste_ratio": 1.0,
                "product_wait_ratio": 0.8
            }
        ],
        "1": [
            -0.7818181818181819,
            {
                "sales": 24,
                "missed customer": 86,
                "products": 26,
                "product waitings": 20,
                "sale_miss_ratio": 0.21818181818181817,
                "product_waste_ratio": 0.9285714285714286,
                "product_wait_ratio": 1.0
            }
        ]
    },
    "dp+ar": {
        "1": [
            -0.701913875598086,
            {
                "sales": 27,
                "missed customer": 83,
                "products": 23,
                "product waitings": 18,
                "sale_miss_ratio": 0.24545454545454545,
                "product_waste_ratio": 1.0,
                "product_wait_ratio": 0.9473684210526315
            }
        ],
        "0": [
            0.0061403508771930015,
            {
                "sales": 26,
                "missed customer": 94,
                "products": 22,
                "product waitings": 4,
                "sale_miss_ratio": 0.21666666666666667,
                "product_waste_ratio": 1.0,
                "product_wait_ratio": 0.21052631578947367
            }
        ]
    },
    "dp+or": {}
}