{
    "baseline": {
        "0": [
            -0.5666666666666667,
            {
                "sales": 28,
                "missed customer": 92,
                "products": 28,
                "product waitings": 16,
                "sale_miss_ratio": 0.23333333333333334,
                "product_waste_ratio": 1.0,
                "product_wait_ratio": 0.8
            }
        ],
        "1": [
            -0.4136363636363637,
            {
                "sales": 26,
                "missed customer": 84,
                "products": 28,
                "product waitings": 13,
                "sale_miss_ratio": 0.23636363636363636,
                "product_waste_ratio": 0.9333333333333333,
                "product_wait_ratio": 0.65
            }
        ]
    },
    "dp+ar": {
        "0": [
            -0.05491990846681921,
            {
                "sales": 30,
                "missed customer": 85,
                "products": 26,
                "product waitings": 6,
                "sale_miss_ratio": 0.2608695652173913,
                "product_waste_ratio": 1.0,
                "product_wait_ratio": 0.3157894736842105
            }
        ],
        "1": [
            -0.3351393188854489,
            {
                "sales": 26,
                "missed customer": 110,
                "products": 22,
                "product waitings": 10,
                "sale_miss_ratio": 0.19117647058823528,
                "product_waste_ratio": 1.0,
                "product_wait_ratio": 0.5263157894736842
            }
        ]
    },
    "dp+or": {
        "1": [
            -0.0502209722780233,
            {
                "sales": 21,
                "missed customer": 110,
                "products": 18,
                "product waitings": 4,
                "sale_miss_ratio": 0.16030534351145037,
                "product_waste_ratio": 1.0,
                "product_wait_ratio": 0.2
            }
        ],
        "0": [
            -0.22143195827406353,
            {
                "sales": 28,
                "missed customer": 83,
                "products": 24,
                "product waitings": 9,
                "sale_miss_ratio": 0.25225225225225223,
                "product_waste_ratio": 1.0,
                "product_wait_ratio": 0.47368421052631576
            }
        ]
    }
}