{"initial_reset_timestamp": 1571227039.948089, "timestamps": [1571227044.7620304, 1571227045.704791, 1571227047.7420638, 1571227051.9789739, 1571227057.6989024], "episode_lengths": [15, 5, 15, 30, 43], "episode_rewards": [1.0, -2.0, -3.0, 2.0, 9.0], "episode_types": ["t", "t", "t", "t", "t", "t"]}