{"initial_reset_timestamp": 1571313253.352279, "timestamps": [1571313298.9384205, 1571313339.2284951], "episode_lengths": [166, 139], "episode_rewards": [-68.0, -55.0], "episode_types": ["t", "t", "t"]}